Fold,Accuracy,F1 Score,Precision,Recall,TP,TN,FP,FN,Train_Control,Train_Case,Test_Control,Test_Case
1,1.0,1.0,1.0,1.0,65,126,0,0,376.0,196.0,126.0,65.0
2,1.0,1.0,1.0,1.0,65,126,0,0,376.0,196.0,126.0,65.0
3,1.0,1.0,1.0,1.0,65,126,0,0,376.0,196.0,126.0,65.0
4,0.9947643979057592,0.9923664122137404,0.9848484848484849,1.0,65,125,1,0,376.0,196.0,126.0,65.0
5,1.0,1.0,1.0,1.0,65,126,0,0,376.0,196.0,126.0,65.0
All,0.9989528795811519,0.9984639016897081,0.9969325153374233,1.0,325,629,1,0,,,,
